Workbook

Sheet niaz
D4: Student | E4: GPA | F4: Tuition Fee | G4: Percentage | H4: Scholarship Amount (Tuition Fee x Percentage) | I4: Net Payment (Tuition Fee – Scholarship Amount)
D6: Steve | E6: 3 | F6: 410000 | G6: 0 | H6: =IF(E6>=4,F6*G6,0) -> 0 | I6: =F6-H6 -> 410000
D7: William | E7: 4 | F7: 410000 | G7: 0.5 | H7: =IF(E7>=4,F7*G7,0) -> 205000 | I7: =F7-H7 -> 205000
D8: Mark | E8: 5 | F8: 410000 | G8: 0.5 | H8: =IF(E8>=4,F8*G8,0) -> 205000 | I8: =F8-H8 -> 205000
D9: Kalles | E9: 4 | F9: 410000 | G9: 0.5 | H9: =IF(E9>=4,F9*G9,0) -> 205000 | I9: =F9-H9 -> 205000
D10: Jack | E10: 2 | F10: 410000 | G10: 0 | H10: =IF(E10>=4,F10*G10,0) -> 0 | I10: =F10-H10 -> 410000
D11: James | E11: 3 | F11: 410000 | G11: 0 | H11: =IF(E11>=4,F11*G11,0) -> 0 | I11: =F11-H11 -> 410000
D12: Amount for lowest payee | I12: =MIN(I6:I11) -> 205000
D18: month | E18: Utilities | F18: House Payment | G18: Gasoline | H18: Groceries | I18: Insurance | J18: Entertainment | K18: Other | M18: Monthly Expenses Total | N18: Income
D20: January | E20: 3 | F20: 410000 | G20: 0.44 | H20: 20000 | I20: =F20-H20 -> 390000 | J20: 5000 | K20: 500 | M20: =F20+H20+I20+J20+K20 -> 825500 | N20: 2000000
D21: February | E21: 4 | F21: 410000 | G21: 0.6 | H21: 20000 | I21: =F21-H21 -> 390000 | J21: 10000 | K21: 400 | M21: =F21+H21+I21+J21+K21 -> 830400 | N21: 2000000
D22: March | E22: 5 | F22: 410000 | G22: 0.59 | H22: 20000 | I22: =F22-H22 -> 390000 | J22: 8000 | K22: 700 | M22: =F22+H22+I22+J22+K22 -> 828700 | N22: 2000000
D23: April | E23: 4 | F23: 410000 | G23: 0.48 | H23: 20000 | I23: =F23-H23 -> 390000 | J23: 7000 | K23: 900 | M23: =F23+H23+I23+J23+K23 -> 827900 | N23: 2000000
D24: May | E24: 2 | F24: 410000 | G24: 0.3 | H24: 20000 | I24: =F24-H24 -> 390000 | J24: 4000 | K24: 445 | M24: =F24+H24+I24+J24+K24 -> 824445 | N24: 2000000
D25: June | E25: 3 | F25: 410000 | G25: 0.7 | H25: 20000 | I25: =F25-H25 -> 390000 | J25: 4000 | K25: 300 | M25: =F25+H25+I25+J25+K25 -> 824300 | N25: 2000000

Sheet rafin
A1: month | B1: Utilities | C1: House Payment | D1: Gasoline | E1: Groceries | F1: Insurance | G1: Entertainment | H1: Other | J1: Monthly Expenses Total | K1: Income | L1: left
A3: =niaz!D20 -> January | B3: =niaz!E20 -> 3 | C3: =niaz!F20 -> 410000 | D3: =niaz!G20 -> 0.44 | E3: =niaz!H20 -> 20000 | F3: =niaz!I21 -> 390000 | G3: =niaz!J20 -> 5000 | H3: =niaz!K20 -> 500 | J3: =niaz!M20 -> 825500 | K3: =niaz!N20 -> 2000000 | L3: =K3-J3 -> 1174500
A4: =niaz!D21 -> February | B4: =niaz!E21 -> 4 | C4: =niaz!F21 -> 410000 | D4: =niaz!G21 -> 0.6 | E4: =niaz!H21 -> 20000 | F4: =niaz!I21 -> 390000 | G4: =niaz!J21 -> 10000 | H4: =niaz!K21 -> 400 | J4: =niaz!M21 -> 830400 | K4: =niaz!N21 -> 2000000 | L4: =K4-J4 -> 1169600
A5: =niaz!D22 -> March | B5: =niaz!E22 -> 5 | C5: =niaz!F22 -> 410000 | D5: =niaz!G22 -> 0.59 | E5: =niaz!H22 -> 20000 | F5: =niaz!I22 -> 390000 | G5: =niaz!J22 -> 8000 | H5: =niaz!K22 -> 700 | J5: =niaz!M22 -> 828700 | K5: =niaz!N22 -> 2000000 | L5: =K5-J5 -> 1171300
A6: =niaz!D23 -> April | B6: =niaz!E23 -> 4 | C6: =niaz!F23 -> 410000 | D6: =niaz!G23 -> 0.48 | E6: =niaz!H23 -> 20000 | F6: =niaz!I23 -> 390000 | G6: =niaz!J23 -> 7000 | H6: =niaz!K23 -> 900 | J6: =niaz!M23 -> 827900 | K6: =niaz!N23 -> 2000000 | L6: =K6-J6 -> 1172100
A7: =niaz!D24 -> May | B7: =niaz!E24 -> 2 | C7: =niaz!F24 -> 410000 | D7: =niaz!G24 -> 0.3 | E7: =niaz!H24 -> 20000 | F7: =niaz!I24 -> 390000 | G7: =niaz!J24 -> 4000 | H7: =niaz!K24 -> 445 | J7: =niaz!M24 -> 824445 | K7: =niaz!N24 -> 2000000 | L7: =K7-J7 -> 1175555
A8: =niaz!D25 -> June | B8: =niaz!E25 -> 3 | C8: =niaz!F25 -> 410000 | D8: =niaz!G25 -> 0.7 | E8: =niaz!H25 -> 20000 | F8: =niaz!I25 -> 390000 | G8: =niaz!J25 -> 4000 | H8: =niaz!K25 -> 300 | J8: =niaz!M25 -> 824300 | K8: =niaz!N25 -> 2000000 | L8: =K8-J8 -> 1175700
